<?xml version="1.0" encoding="UTF-8"?>
<templates id="template" xml:space="preserve">
    <t t-inherit="web.NavBar" t-inherit-mode="extension" owl="1">
        <xpath expr="//nav[hasclass('o_main_navbar')]" position="after">
            <div class="sidebar_panel" id="sidebar_panel">
                <div class="sidebar">
                    <div class="sidebar_close">
                        <a id="closeSidebar" style="cursor: pointer;">
                            <img src="/code_backend_theme_enterprise/static/src/img/icons/close.png"/>
                        </a>
                    </div>
                    <div class="sidebar_logo">
                        <img src="/web/binary/company_logo" class="logo_img"/>
                    </div>
                </div>
            </div>
        </xpath>
    </t>
</templates>